Turtle_ID,State,Sex,Straight_Carapace_Length,Growth,Age,Year
11,NC,unknown,31.4,2.1,2.75,1990
11,NC,unknown,33.9,2.7,3.75,1991
11,NC,unknown,35.7,0.9,4.75,1992
11,NC,unknown,36.3,0.3,5.75,1993
11,NC,unknown,36.9,0.9,6.75,1994
11,NC,unknown,38,1.3,7.75,1995
11,NC,unknown,40.2,3.2,8.75,1996
11,NC,unknown,42.9,2.2,9.75,1997
11,NC,unknown,44.3,0.6,10.75,1998
12,VA,unknown,52.9,3.4,7.75,1998
12,VA,unknown,55.4,1.6,8.75,1999
12,VA,unknown,58.4,4.4,9.75,2000
12,VA,unknown,62.8,4.3,10.75,2001
13,SC,male,27.6,2.3,3.75,2001
13,SC,male,30.8,4.1,4.75,2002
13,SC,male,33.9,2.1,5.75,2003
13,SC,male,36.8,3.8,6.75,2004
13,SC,male,39.6,1.7,7.75,2005
13,SC,male,41.7,2.6,8.75,2006
13,SC,male,44.1,2.2,9.75,2007
13,SC,male,46.5,2.7,10.75,2008
13,SC,male,49.7,3.8,11.75,2009
14,GA,male,72.1,1.4,19.75,1996
14,GA,male,73.3,1,20.75,1997
14,GA,male,74.2,0.8,21.75,1998
14,GA,male,75.1,1.1,22.75,1999
14,GA,male,75.9,0.3,23.75,2000
14,GA,male,76.4,0.8,24.75,2001
14,GA,male,78.2,2.7,25.75,2002
14,GA,male,80.1,1,26.75,2003
14,GA,male,81,0.7,27.75,2004
14,GA,male,81.4,0,28.75,2005
14,GA,male,81.4,0.1,29.75,2006
14,GA,male,81.6,0.2,30.75,2007
14,GA,male,81.8,0.2,31.75,2008
15,NC,unknown,31.1,2.7,4.75,1990
15,NC,unknown,33.7,2.5,5.75,1991
15,NC,unknown,35.6,1.1,6.75,1992
15,NC,unknown,37.4,2.6,7.75,1993
15,NC,unknown,39.7,1.9,8.75,1994
15,NC,unknown,42.6,4,9.75,1995
15,NC,unknown,45.2,1.2,10.75,1996
15,NC,unknown,47.2,2.8,11.75,1997
15,NC,unknown,50.7,4.1,12.75,1998
15,NC,unknown,55.4,5.4,13.75,1999
15,NC,unknown,59.9,3.7,14.75,2000
15,NC,unknown,62.2,0.8,15.75,2001
15,NC,unknown,62.7,0.2,16.75,2002
16,NC,unknown,31.9,2.7,3.75,1993
16,NC,unknown,36.4,6.3,4.75,1994
16,NC,unknown,40.7,2.3,5.75,1995
16,NC,unknown,44.2,4.7,6.75,1996
16,NC,unknown,49.5,5.9,7.75,1997
17,NC,unknown,37,3.5,5.75,1991
17,NC,unknown,40.4,3.4,6.75,1992
17,NC,unknown,45,5.7,7.75,1993
17,NC,unknown,51,6.3,8.75,1994
17,NC,unknown,57.7,6.9,9.75,1995
17,NC,unknown,62.5,2.7,10.75,1996
17,NC,unknown,64,0.3,11.75,1997
18,NC,unknown,36.7,1.6,4.75,1999
18,NC,unknown,38.6,2.2,5.75,2000
18,NC,unknown,41.4,3.4,6.75,2001
18,NC,unknown,44.6,3.1,7.75,2002
18,NC,unknown,48.5,4.6,8.75,2003
18,NC,unknown,52.5,3.5,9.75,2004
18,NC,unknown,55.2,1.8,10.75,2005
18,NC,unknown,57.2,2.3,11.75,2006
18,NC,unknown,60.2,3.8,12.75,2007
19,NC,unknown,29.5,2.6,2.75,2000
19,NC,unknown,31.8,2.1,3.75,2001
19,NC,unknown,35.5,5.2,4.75,2002
19,NC,unknown,38.7,1.2,5.75,2003
19,NC,unknown,39.8,1,6.75,2004
19,NC,unknown,41.4,2.3,7.75,2005
19,NC,unknown,43.3,1.4,8.75,2006
19,NC,unknown,44.2,0.4,9.75,2007
19,NC,unknown,45.5,2.2,10.75,2008
20,VA,female,40.3,1.7,5.75,1998
20,VA,female,42.2,2,6.75,1999
20,VA,female,44.9,3.4,7.75,2000
20,VA,female,48.8,4.4,8.75,2001
20,VA,female,53.4,4.7,9.75,2002
20,VA,female,59.4,7.3,10.75,2003
21,VA,unknown,27.4,3.7,3.75,1993
21,VA,unknown,31,3.6,4.75,1994
21,VA,unknown,34.7,3.6,5.75,1995
21,VA,unknown,38.3,3.6,6.75,1996
21,VA,unknown,41.1,2,7.75,1997
21,VA,unknown,42.2,0.2,8.75,1998
21,VA,unknown,42.4,0.2,9.75,1999
21,VA,unknown,45.2,5.4,10.75,2000
22,FL,female,10.5,11.7,0,1998
22,FL,female,15.6,1.4,0.75,1999
23,FL,unknown,29.2,2.1,3.75,1991
23,FL,unknown,31.4,2.3,4.75,1992
23,FL,unknown,33.7,2.4,5.75,1993
23,FL,unknown,36.9,3.9,6.75,1994
23,FL,unknown,40.4,3.2,7.75,1995
23,FL,unknown,44.4,4.9,8.75,1996
23,FL,unknown,49.7,5.6,9.75,1997
23,FL,unknown,54.3,3.6,10.75,1998
23,FL,unknown,57,1.8,11.75,1999
23,FL,unknown,58.4,1,12.75,2000
23,FL,unknown,59,0.2,13.75,2001
24,FL,male,44.2,1.9,6.75,1996
24,FL,male,45.8,1.2,7.75,1997
24,FL,male,47.3,2,8.75,1998
24,FL,male,48.9,1.2,9.75,1999
24,FL,male,51.9,4.7,10.75,2000
24,FL,male,56.9,5.5,11.75,2001
24,FL,male,62,4.6,12.75,2002
25,NC,unknown,27.6,2.8,3.75,1991
25,NC,unknown,30.4,2.9,4.75,1992
25,NC,unknown,32.9,2,5.75,1993
25,NC,unknown,35.8,3.9,6.75,1994
25,NC,unknown,41.7,8,7.75,1995
25,NC,unknown,47,2.5,8.75,1996
26,NC,female,32.1,1.2,3.75,1992
26,NC,female,33.2,1.1,4.75,1993
26,NC,female,34.4,1.4,5.75,1994
26,NC,female,36.2,2,6.75,1995
26,NC,female,38.2,2.2,7.75,1996
26,NC,female,40.7,2.6,8.75,1997
26,NC,female,42.7,1.5,9.75,1998
26,NC,female,44.1,1.2,10.75,1999
26,NC,female,46.2,3,11.75,2000
27,VA,unknown,29.3,1.1,3.75,1996
27,VA,unknown,30.6,1.5,4.75,1997
27,VA,unknown,32.7,2.8,5.75,1998
27,VA,unknown,35.4,2.5,6.75,1999
27,VA,unknown,37.3,1.3,7.75,2000
27,VA,unknown,39.6,3.3,8.75,2001
27,VA,unknown,42.1,1.7,9.75,2002
28,NJ,female,72.4,2.8,18.75,2003
28,NJ,female,75.6,3.5,19.75,2004
28,NJ,female,78.8,3,20.75,2005
28,NJ,female,81.7,2.8,21.75,2006
28,NJ,female,83.1,0.1,22.75,2007
29,NJ,male,41.1,1.3,6.75,1991
29,NJ,male,42.6,1.7,7.75,1992
29,NJ,male,43.9,0.8,8.75,1993
29,NJ,male,45,1.5,9.75,1994
29,NJ,male,46.5,1.5,10.75,1995
29,NJ,male,48.2,1.8,11.75,1996
29,NJ,male,50.1,2.1,12.75,1997
29,NJ,male,53.3,4.3,13.75,1998
29,NJ,male,58.1,5.3,14.75,1999
29,NJ,male,61.9,2.3,15.75,2000
29,NJ,male,64.7,3.4,16.75,2001
29,NJ,male,67.4,2,17.75,2002
29,NJ,male,69.1,1.3,18.75,2003
29,NJ,male,71,2.5,19.75,2004
29,NJ,male,73.5,2.6,20.75,2005
29,NJ,male,76.2,2.8,21.75,2006
29,NJ,male,79.2,3.2,22.75,2007
30,NJ,male,68.4,5,15.75,1998
30,NJ,male,72.7,3.6,16.75,1999
30,NJ,male,75.5,2.1,17.75,2000
30,NJ,male,76.6,0.1,18.75,2001
30,NJ,male,76.8,0.2,19.75,2002
30,NJ,male,77.9,1.9,20.75,2003
30,NJ,male,80,2.4,21.75,2004
30,NJ,male,82.9,3.3,22.75,2005
30,NJ,male,85.6,2.2,23.75,2006
30,NJ,male,87.6,1.8,24.75,2007
31,VA,unknown,29.2,1.5,3.75,1990
31,VA,unknown,31.1,2.4,4.75,1991
31,VA,unknown,33.7,2.9,5.75,1992
31,VA,unknown,36.8,3.2,6.75,1993
31,VA,unknown,39.4,2.1,7.75,1994
31,VA,unknown,41.3,1.6,8.75,1995
31,VA,unknown,42.7,1.3,9.75,1996
31,VA,unknown,43.4,0.1,10.75,1997
31,VA,unknown,43.9,0.9,11.75,1998
31,VA,unknown,44.8,0.9,12.75,1999
31,VA,unknown,47.2,3.9,13.75,2000
32,NC,unknown,36.6,1.9,6.75,1997
32,NC,unknown,38,1.1,7.75,1998
32,NC,unknown,38.9,0.7,8.75,1999
32,NC,unknown,39.8,1,9.75,2000
32,NC,unknown,42.1,3.7,10.75,2001
32,NC,unknown,44.8,1.6,11.75,2002
32,NC,unknown,46.5,1.8,12.75,2003
32,NC,unknown,47.9,1.1,13.75,2004
32,NC,unknown,48.8,0.6,14.75,2005
32,NC,unknown,50.1,2.1,15.75,2006
33,NC,unknown,31.3,5,4.75,1999
33,NC,unknown,35.8,4.1,5.75,2000
33,NC,unknown,38.9,2.2,6.75,2001
33,NC,unknown,42.4,4.7,7.75,2002
33,NC,unknown,47.7,6,8.75,2003
33,NC,unknown,52.7,3.9,9.75,2004
33,NC,unknown,54.8,0.3,10.75,2005
33,NC,unknown,55,0.2,11.75,2006
34,NC,female,69.2,1.3,16.75,1989
34,NC,female,70.1,0.7,17.75,1990
34,NC,female,70.6,0.2,18.75,1991
34,NC,female,70.8,0.1,19.75,1992
34,NC,female,70.9,0.2,20.75,1993
34,NC,female,73.8,5.6,21.75,1994
34,NC,female,78.3,3.5,22.75,1995
34,NC,female,80.9,1.7,23.75,1996
34,NC,female,82.7,1.9,24.75,1997
34,NC,female,83.8,0.4,25.75,1998
34,NC,female,84.4,0.6,26.75,1999
34,NC,female,85.1,0.8,27.75,2000
34,NC,female,85.6,0.3,28.75,2001
34,NC,female,85.9,0.1,29.75,2002
34,NC,female,86,0.1,30.75,2003
34,NC,female,86.4,0.8,31.75,2004
34,NC,female,87.1,0.5,32.75,2005
34,NC,female,87.5,0.4,33.75,2006
35,NC,male,53.6,2.8,7.75,1992
35,NC,male,56.8,3.7,8.75,1993
35,NC,male,59.6,1.8,9.75,1994
35,NC,male,61.6,2.3,10.75,1995
35,NC,male,66.3,7,11.75,1996
35,NC,male,71.5,3.5,12.75,1997
35,NC,male,73.6,0.6,13.75,1998
36,NC,male,49.6,4.5,6.75,1989
36,NC,male,54.1,4.5,7.75,1990
36,NC,male,57.2,1.7,8.75,1991
36,NC,male,59.2,2.4,9.75,1992
36,NC,male,60.9,1,10.75,1993
36,NC,male,61.5,0.2,11.75,1994
36,NC,male,62.1,1.1,12.75,1995
36,NC,male,62.9,0.4,13.75,1996
36,NC,male,63.5,0.8,14.75,1997
36,NC,male,67.3,6.9,15.75,1998
37,VA,female,36.3,0.9,4.75,1999
37,VA,female,37.8,2.1,5.75,2000
37,VA,female,40.2,2.8,6.75,2001
37,VA,female,44.4,5.6,7.75,2002
38,VA,female,28.2,1.6,2.75,1989
38,VA,female,29.5,1.1,3.75,1990
38,VA,female,32.3,4.3,4.75,1991
38,VA,female,36.1,3.5,5.75,1992
38,VA,female,38.4,1,6.75,1993
38,VA,female,40.3,2.7,7.75,1994
38,VA,female,42.2,1.1,8.75,1995
38,VA,female,44.3,3.1,9.75,1996
38,VA,female,48.3,4.9,10.75,1997
38,VA,female,51.6,1.9,11.75,1998
38,VA,female,54.9,4.6,12.75,1999
38,VA,female,58.9,3.4,13.75,2000
38,VA,female,61.1,1,14.75,2001
38,VA,female,61.7,0.3,15.75,2002
38,VA,female,62,0.3,16.75,2003
38,VA,female,62.3,0.3,17.75,2004
39,VA,male,67.1,4.6,14.75,1998
39,VA,male,71.9,4.9,15.75,1999
39,VA,male,77,5.4,16.75,2000
39,VA,male,81.9,4.4,17.75,2001
39,VA,male,84.9,1.6,18.75,2002
39,VA,male,85.8,0.2,19.75,2003
39,VA,male,86.1,0.4,20.75,2004
40,VA,female,38.8,4.6,5.75,1997
40,VA,female,43.1,4.1,6.75,1998
40,VA,female,47.1,3.9,7.75,1999
40,VA,female,52.3,6.4,8.75,2000
40,VA,female,58.1,5.3,9.75,2001
40,VA,female,62.8,4,10.75,2002
41,VA,female,62.2,3.5,9.75,1995
41,VA,female,64.4,0.9,10.75,1996
41,VA,female,65.2,0.7,11.75,1997
41,VA,female,68.8,6.5,12.75,1998
41,VA,female,73.5,2.7,13.75,1999
41,VA,female,75.9,2.1,14.75,2000
41,VA,female,78.4,2.8,15.75,2001
42,VA,male,40.4,2.5,7.75,1990
42,VA,male,43.5,3.6,8.75,1991
42,VA,male,52.6,1.4,9.75,1994
42,VA,male,70.7,3.3,12.75,1997
42,VA,male,73.8,2.9,13.75,1998
42,VA,male,75.8,1.1,14.75,1999
42,VA,male,76.9,1.1,15.75,2000
42,VA,male,78,1.1,16.75,2001
42,VA,male,80.6,4.1,17.75,2002
42,VA,male,83.4,1.7,18.75,2003
43,VA,male,60.6,1.1,15.75,1993
43,VA,male,61.6,0.8,16.75,1994
43,VA,male,63.3,2.7,17.75,1995
43,VA,male,66.9,4.5,18.75,1996
43,VA,male,71.1,3.9,19.75,1997
43,VA,male,75.1,4,20.75,1998
43,VA,male,78,1.9,21.75,1999
43,VA,male,79.7,1.4,22.75,2000
43,VA,male,80.9,0.9,23.75,2001
43,VA,male,82.6,2.5,24.75,2002
43,VA,male,84.6,1.5,25.75,2003
44,VA,male,69,2.5,19.75,1999
44,VA,male,71.2,2,20.75,2000
44,VA,male,73.3,2.1,21.75,2001
44,VA,male,74.9,1.2,22.75,2002
44,VA,male,75.6,0.1,23.75,2003
44,VA,male,76.9,2.4,24.75,2004
45,NC,male,37.8,2.6,5.75,1996
45,NC,male,39.9,1.5,6.75,1997
45,NC,male,42.6,3.9,7.75,1998
45,NC,male,46.8,4.6,8.75,1999
45,NC,male,51.3,4.3,9.75,2000
45,NC,male,56,5,10.75,2001
46,VA,female,44.5,1.3,7.75,1997
46,VA,female,45.4,0.3,8.75,1998
46,VA,female,46.8,2.6,9.75,1999
46,VA,female,49.8,3.4,10.75,2000
46,VA,female,53.3,3.6,11.75,2001
46,VA,female,56,1.8,12.75,2002
46,VA,female,59.2,4.5,13.75,2003
46,VA,female,62.3,1.8,14.75,2004
47,NC,unknown,40.1,0.9,5.75,1989
47,NC,unknown,41.4,1.6,6.75,1990
47,NC,unknown,43.5,2.6,7.75,1991
47,NC,unknown,46.2,2.9,8.75,1992
47,NC,unknown,49.7,3.9,9.75,1993
47,NC,unknown,52.9,2.5,10.75,1994
47,NC,unknown,55,1.8,11.75,1995
47,NC,unknown,56.7,1.5,12.75,1996
47,NC,unknown,58.4,1.9,13.75,1997
48,NC,male,39.1,2.1,5.75,1993
48,NC,male,42.7,5.2,6.75,1994
48,NC,male,46.5,2.4,7.75,1995
48,NC,male,50.5,5.6,8.75,1996
48,NC,male,55.2,3.8,9.75,1997
49,VA,unknown,31.6,1.2,3.75,1992
49,VA,unknown,32.6,0.7,4.75,1993
49,VA,unknown,33.6,1.2,5.75,1994
49,VA,unknown,35.6,2.8,6.75,1995
49,VA,unknown,38,2,7.75,1996
49,VA,unknown,40.4,2.8,8.75,1997
49,VA,unknown,42,0.3,9.75,1998
49,VA,unknown,42.4,0.5,10.75,1999
49,VA,unknown,44.1,2.9,11.75,2000
49,VA,unknown,47.5,3.8,12.75,2001
49,VA,unknown,51.7,4.6,13.75,2002
49,VA,unknown,56.6,5.1,14.75,2003
50,VA,female,79.2,2.6,23.75,1990
50,VA,female,81.9,2.9,24.75,1991
50,VA,female,84,1.2,25.75,1992
50,VA,female,85.7,2.1,26.75,1993
50,VA,female,86.8,0.2,27.75,1994
50,VA,female,87.1,0.4,28.75,1995
50,VA,female,87.5,0.5,29.75,1996
50,VA,female,88,0.4,30.75,1997
50,VA,female,88.1,0,31.75,1998
50,VA,female,88.2,0,32.75,1999
50,VA,female,88.3,0.2,33.75,2000
50,VA,female,88.4,0.1,34.75,2001
50,VA,female,88.4,0,35.75,2002
50,VA,female,88.5,0,36.75,2003
51,GA,unknown,34.9,2.4,4.75,2004
51,GA,unknown,37.6,2.9,5.75,2005
51,GA,unknown,40.3,2.7,6.75,2006
51,GA,unknown,43,2.6,7.75,2007
51,GA,unknown,46.6,4.6,8.75,2008
52,GA,female,38,1.3,6.75,2001
52,GA,female,39.7,2.1,7.75,2002
52,GA,female,41,0.4,8.75,2003
52,GA,female,41.9,1.4,9.75,2004
52,GA,female,44,2.8,10.75,2005
52,GA,female,45.9,1.2,11.75,2006
52,GA,female,48.7,4.5,12.75,2007
52,GA,female,51.1,0.2,13.75,2008
52,GA,female,51.6,0.9,14.75,2009
53,GA,unknown,34.1,0.7,4.75,1998
53,GA,unknown,35.2,1.6,5.75,1999
53,GA,unknown,38.4,4.7,6.75,2000
53,GA,unknown,42.4,3.3,7.75,2001
53,GA,unknown,46.2,4.3,8.75,2002
53,GA,unknown,49.4,2,9.75,2003
53,GA,unknown,51.4,2,10.75,2004
53,GA,unknown,52.5,0.1,11.75,2005
53,GA,unknown,52.8,0.7,12.75,2006
53,GA,unknown,54.7,3.1,13.75,2007
53,GA,unknown,56.7,0.9,14.75,2008
53,GA,unknown,57.7,1.1,15.75,2009
54,GA,female,27.4,2.1,3.75,1997
54,GA,female,33.7,2.2,6.75,2000
54,GA,female,37.4,5.2,7.75,2001
54,GA,female,42.1,4.1,8.75,2002
54,GA,female,45.9,3.5,9.75,2003
54,GA,female,49.2,3.1,10.75,2004
54,GA,female,51.8,2.1,11.75,2005
54,GA,female,54.3,2.8,12.75,2006
54,GA,female,57.3,3.1,13.75,2007
54,GA,female,59.4,1.1,14.75,2008
54,GA,female,60.1,0.4,15.75,2009
55,NC,unknown,29,3.8,3.75,2001
55,NC,unknown,34,6.2,4.75,2002
55,NC,unknown,38.9,3.7,5.75,2003
55,NC,unknown,42.7,3.8,6.75,2004
55,NC,unknown,47.1,5,7.75,2005
55,NC,unknown,53,6.8,8.75,2006
56,VA,unknown,28.8,1.3,2.75,1992
56,VA,unknown,30.1,1.4,3.75,1993
56,VA,unknown,33.6,5.5,4.75,1994
56,VA,unknown,37.1,1.6,5.75,1995
56,VA,unknown,40.3,4.8,6.75,1996
56,VA,unknown,43.9,2.4,7.75,1997
57,NC,unknown,33.1,2.5,4.75,1995
57,NC,unknown,35,1.4,5.75,1996
57,NC,unknown,36.9,2.4,6.75,1997
57,NC,unknown,38.7,1.4,7.75,1998
57,NC,unknown,40.4,2,8.75,1999
57,NC,unknown,43.8,4.9,9.75,2000
57,NC,unknown,48.5,4.5,10.75,2001
57,NC,unknown,53.1,4.6,11.75,2002
57,NC,unknown,57,3.2,12.75,2003
57,NC,unknown,60.2,3.2,13.75,2004
57,NC,unknown,63.1,2.5,14.75,2005
58,MA,unknown,23.3,3.9,2.75,1997
58,MA,unknown,26.3,2,3.75,1998
58,MA,unknown,28.7,2.8,4.75,1999
59,NC,unknown,32.1,3,4.75,1990
59,NC,unknown,34,0.7,5.75,1991
59,NC,unknown,34.4,0.1,6.75,1992
59,NC,unknown,36.4,3.8,7.75,1993
59,NC,unknown,39.1,1.8,8.75,1994
59,NC,unknown,40.6,1.2,9.75,1995
59,NC,unknown,42.6,2.8,10.75,1996
59,NC,unknown,44.3,0.5,11.75,1997
60,NC,unknown,29.7,3.4,3.75,1999
60,NC,unknown,32.4,2.1,4.75,2000
60,NC,unknown,35.2,3.6,5.75,2001
60,NC,unknown,37.9,1.9,6.75,2002
60,NC,unknown,39.8,2,7.75,2003
60,NC,unknown,42.3,3,8.75,2004
60,NC,unknown,44.8,2,9.75,2005
60,NC,unknown,46.5,1.4,10.75,2006
60,NC,unknown,48.1,1.8,11.75,2007
61,NC,unknown,35.8,0.9,4.75,1992
61,NC,unknown,37.1,1.8,5.75,1993
61,NC,unknown,38.6,1.1,6.75,1994
61,NC,unknown,40.8,3.3,7.75,1995
61,NC,unknown,43.5,2.1,8.75,1996
61,NC,unknown,45.1,1.1,9.75,1997
61,NC,unknown,46.6,1.9,10.75,1998
61,NC,unknown,49.1,3.1,11.75,1999
61,NC,unknown,51.5,1.8,12.75,2000
61,NC,unknown,55.1,5.5,13.75,2001
61,NC,unknown,58.5,1.2,14.75,2002
62,NC,unknown,29.2,2.3,3.75,1997
62,NC,unknown,32.2,3.8,4.75,1998
62,NC,unknown,36.8,5.4,5.75,1999
62,NC,unknown,41.4,3.8,6.75,2000
62,NC,unknown,45.6,4.5,7.75,2001
62,NC,unknown,48.9,2.2,8.75,2002
63,NC,unknown,41.6,1.1,6.75,1990
63,NC,unknown,42.9,1.5,7.75,1991
63,NC,unknown,44.4,1.5,8.75,1992
63,NC,unknown,46.1,1.9,9.75,1993
63,NC,unknown,48.3,2.5,10.75,1994
63,NC,unknown,50.3,1.6,11.75,1995
63,NC,unknown,53.2,4.2,12.75,1996
63,NC,unknown,56,1.3,13.75,1997
63,NC,unknown,57.9,2.5,14.75,1998
63,NC,unknown,59.7,1.2,15.75,1999
63,NC,unknown,60.9,1.2,16.75,2000
63,NC,unknown,63.3,3.5,17.75,2001
63,NC,unknown,67,4,18.75,2002
63,NC,unknown,71.6,5.2,19.75,2003
64,NC,unknown,33.9,2.3,4.75,1991
64,NC,unknown,36.7,3.5,5.75,1992
64,NC,unknown,40.4,3.9,6.75,1993
64,NC,unknown,43.9,3.1,7.75,1994
64,NC,unknown,46.7,2.4,8.75,1995
64,NC,unknown,50.2,4.7,9.75,1996
64,NC,unknown,54.8,4.4,10.75,1997
65,NC,unknown,31.8,5.3,4.75,1989
65,NC,unknown,36.3,3.7,5.75,1990
65,NC,unknown,40.2,4.1,6.75,1991
65,NC,unknown,43,1.4,7.75,1992
65,NC,unknown,44.7,2,8.75,1993
65,NC,unknown,47,2.7,9.75,1994
65,NC,unknown,50.4,4.2,10.75,1995
65,NC,unknown,53.1,1.2,11.75,1996
66,VA,female,42,1.3,8.75,1995
66,VA,female,43.3,1.4,9.75,1996
66,VA,female,44.3,0.6,10.75,1997
66,VA,female,45.5,1.7,11.75,1998
66,VA,female,63.2,3.9,14.75,2001
66,VA,female,66.1,1.9,15.75,2002
66,VA,female,67.2,0.4,16.75,2003
66,VA,female,69.2,3.6,17.75,2004
66,VA,female,74.1,6.2,18.75,2005
66,VA,female,78.9,3.5,19.75,2006
67,NC,female,31.8,2.9,3.75,1988
67,NC,female,34.2,1.7,4.75,1989
67,NC,female,36.6,3.1,5.75,1990
67,NC,female,39,1.7,6.75,1991
67,NC,female,40.8,1.9,7.75,1992
67,NC,female,42,0.7,8.75,1993
67,NC,female,43.3,1.8,9.75,1994
67,NC,female,45.6,2.7,10.75,1995
67,NC,female,49.6,5.3,11.75,1996
68,VA,unknown,33.9,2.3,4.75,1991
68,VA,unknown,36.8,3.7,5.75,1992
68,VA,unknown,41.1,4.9,6.75,1993
68,VA,unknown,44.6,2,7.75,1994
68,VA,unknown,46,0.9,8.75,1995
68,VA,unknown,48.2,3.4,9.75,1996
68,VA,unknown,51.1,2.4,10.75,1997
69,NC,unknown,26.5,4,3.75,1989
69,NC,unknown,30.1,3,4.75,1990
69,NC,unknown,32.4,1.8,5.75,1991
69,NC,unknown,33.7,0.8,6.75,1992
69,NC,unknown,34.9,1.5,7.75,1993
69,NC,unknown,35.9,0.4,8.75,1994
69,NC,unknown,37.3,2.5,9.75,1995
69,NC,unknown,39.3,1.5,10.75,1996
69,NC,unknown,41.1,2,11.75,1997
69,NC,unknown,42.3,0.4,12.75,1998
69,NC,unknown,44.5,4,13.75,1999
70,NC,unknown,35.1,1.3,4.75,1987
70,NC,unknown,37.1,2.6,5.75,1988
70,NC,unknown,39,1.2,6.75,1989
70,NC,unknown,41.1,2.9,7.75,1990
70,NC,unknown,44.3,3.5,8.75,1991
70,NC,unknown,46.8,1.7,9.75,1992
70,NC,unknown,48.2,1,10.75,1993
70,NC,unknown,50.8,4.3,11.75,1994
70,NC,unknown,55.6,5.4,12.75,1995
70,NC,unknown,59.3,2,13.75,1996
71,NC,unknown,25.7,1.3,3.75,1989
71,NC,unknown,27.7,2.8,4.75,1990
71,NC,unknown,31.6,4.9,5.75,1991
71,NC,unknown,37.4,6.7,6.75,1992
71,NC,unknown,43.1,4.7,7.75,1993
71,NC,unknown,48.6,6.2,8.75,1994
71,NC,unknown,54,4.6,9.75,1995
71,NC,unknown,57.6,2.7,10.75,1996
72,NC,unknown,33.3,3.7,4.75,1995
72,NC,unknown,37.8,5.5,5.75,1996
72,NC,unknown,43,4.7,6.75,1997
72,NC,unknown,46.9,3.1,7.75,1998
73,VA,male,65.7,2.5,15.75,1996
73,VA,male,68.4,2.7,16.75,1997
73,VA,male,70.4,1.4,17.75,1998
73,VA,male,71.4,0.6,18.75,1999
73,VA,male,71.8,0.1,19.75,2000
73,VA,male,72.4,1.1,20.75,2001
73,VA,male,73.7,1.6,21.75,2002
73,VA,male,74.9,0.8,22.75,2003
73,VA,male,76.1,1.5,23.75,2004
73,VA,male,78.3,2.8,24.75,2005
73,VA,male,80.8,2.4,25.75,2006
73,VA,male,83.3,2.5,26.75,2007
73,VA,male,85.3,1.6,27.75,2008
73,VA,male,86.7,1.1,28.75,2009
74,NC,male,25,2.8,3.75,1990
74,NC,male,28.4,4.1,4.75,1991
74,NC,male,33.5,6,5.75,1992
74,NC,male,38.9,4.8,6.75,1993
74,NC,male,42.8,2.9,7.75,1994
74,NC,male,47.2,5.9,8.75,1995
74,NC,male,51.5,2.7,9.75,1996
74,NC,male,53.1,0.4,10.75,1997
75,NC,unknown,32.6,1.1,4.75,1995
75,NC,unknown,33.8,1.2,5.75,1996
75,NC,unknown,35.3,1.7,6.75,1997
75,NC,unknown,37.8,3.3,7.75,1998
75,NC,unknown,40.5,2.2,8.75,1999
75,NC,unknown,43,2.9,9.75,2000
75,NC,unknown,46.1,3.1,10.75,2001
75,NC,unknown,48.3,1.3,11.75,2002
76,NC,unknown,31,3.9,3.75,1998
76,NC,unknown,35.2,4.5,4.75,1999
76,NC,unknown,40,5.1,5.75,2000
76,NC,unknown,45.1,5,6.75,2001
76,NC,unknown,49.6,4,7.75,2002
77,NC,unknown,32.6,3.1,4.75,1996
77,NC,unknown,35.4,2.5,5.75,1997
77,NC,unknown,38.7,4.3,6.75,1998
77,NC,unknown,41.3,0.9,7.75,1999
77,NC,unknown,42.6,1.7,8.75,2000
77,NC,unknown,45,3.2,9.75,2001
77,NC,unknown,48.2,3.2,10.75,2002
77,NC,unknown,52.5,5.3,11.75,2003
78,NC,unknown,33,2,4.75,1996
78,NC,unknown,35.1,2.2,5.75,1997
78,NC,unknown,38.2,3.9,6.75,1998
78,NC,unknown,43,5.7,7.75,1999
78,NC,unknown,48.4,5.1,8.75,2000
78,NC,unknown,52.5,3.1,9.75,2001
78,NC,unknown,55.4,2.8,10.75,2002
78,NC,unknown,57,0.3,11.75,2003
79,NC,unknown,26.8,1.2,3.75,1997
79,NC,unknown,28.4,1.9,4.75,1998
79,NC,unknown,30.4,2.2,5.75,1999
79,NC,unknown,32.3,1.5,6.75,2000
79,NC,unknown,34.7,3.5,7.75,2001
79,NC,unknown,38.2,3.4,8.75,2002
79,NC,unknown,42.3,4.8,9.75,2003
79,NC,unknown,45.9,2.3,10.75,2004
79,NC,unknown,47.6,1.2,11.75,2005
79,NC,unknown,49.3,2.2,12.75,2006
80,NC,female,33.2,0.9,3.75,1988
80,NC,female,34.7,2.2,4.75,1989
80,NC,female,38.3,4.9,5.75,1990
80,NC,female,41.6,1.7,6.75,1991
80,NC,female,45.3,5.8,7.75,1992
80,NC,female,52.2,8.1,8.75,1993
80,NC,female,57.8,3.2,9.75,1994
80,NC,female,62,5.1,10.75,1995
80,NC,female,65.9,2.6,11.75,1996
81,VA,male,35.5,2.1,5.75,1995
81,VA,male,37.7,2.2,6.75,1996
81,VA,male,39.9,2.3,7.75,1997
81,VA,male,41.6,1,8.75,1998
81,VA,male,43,1.9,9.75,1999
81,VA,male,46.5,5.1,10.75,2000
81,VA,male,50.9,3.8,11.75,2001
81,VA,male,54.3,2.9,12.75,2002
81,VA,male,57.6,3.8,13.75,2003
82,VA,unknown,42.2,4.5,6.75,1996
82,VA,unknown,46.8,4.7,7.75,1997
82,VA,unknown,52,5.7,8.75,1998
82,VA,unknown,56.1,2.6,9.75,1999
83,NC,female,35.1,1.2,4.75,1988
83,NC,female,37.2,2.9,5.75,1989
83,NC,female,40,2.8,6.75,1990
83,NC,female,42.5,2.1,7.75,1991
83,NC,female,45.8,4.5,8.75,1992
83,NC,female,49.4,2.8,9.75,1993
83,NC,female,52.3,2.9,10.75,1994
83,NC,female,56.1,4.7,11.75,1995
83,NC,female,59.8,2.8,12.75,1996
84,FL,male,53.1,3,9.75,1984
84,FL,male,59.2,0.8,10.75,1987
84,FL,male,59.8,0.3,11.75,1988
84,FL,male,60.1,0.3,12.75,1989
84,FL,male,60.3,0.2,13.75,1990
84,FL,male,61.4,1.9,14.75,1991
84,FL,male,64,3.3,15.75,1992
84,FL,male,66.8,2.4,16.75,1993
84,FL,male,69.2,2.3,17.75,1994
84,FL,male,72.3,3.9,18.75,1995
84,FL,male,74.6,0.8,19.75,1996
84,FL,male,75.1,0.2,20.75,1997
85,NC,unknown,25.9,2.3,3.75,1986
85,NC,unknown,28.8,3.5,4.75,1987
85,NC,unknown,31.7,2.3,5.75,1988
85,NC,unknown,33.6,1.6,6.75,1989
85,NC,unknown,35.2,1.6,7.75,1990
85,NC,unknown,37.4,2.8,8.75,1991
85,NC,unknown,39.9,2.2,9.75,1992
85,NC,unknown,41.4,0.8,10.75,1993
85,NC,unknown,43.6,3.5,11.75,1994
85,NC,unknown,47.1,3.5,12.75,1995
85,NC,unknown,50.8,4,13.75,1996
86,NC,unknown,28.9,3,2.75,1990
86,NC,unknown,31.7,2.7,3.75,1991
86,NC,unknown,34.3,2.3,4.75,1992
86,NC,unknown,36.7,2.7,5.75,1993
86,NC,unknown,39.7,3.2,6.75,1994
86,NC,unknown,45.8,9,7.75,1995
86,NC,unknown,52.4,4.2,8.75,1996
87,NC,unknown,36,2.4,5.75,1986
87,NC,unknown,37.4,0.3,6.75,1987
87,NC,unknown,38.2,1.3,7.75,1988
87,NC,unknown,39.8,1.9,8.75,1989
87,NC,unknown,41.9,2.2,9.75,1990
87,NC,unknown,44.1,2,10.75,1991
87,NC,unknown,46,1.9,11.75,1992
87,NC,unknown,48.2,2.5,12.75,1993
87,NC,unknown,50.5,2,13.75,1994
87,NC,unknown,51.9,0.8,14.75,1995
87,NC,unknown,52.7,0.9,15.75,1996
87,NC,unknown,54.3,2.2,16.75,1997
88,NC,unknown,30.9,3.8,4.75,1993
88,NC,unknown,34.9,4.3,5.75,1994
88,NC,unknown,39.4,4.7,6.75,1995
88,NC,unknown,44.4,5.3,7.75,1996
88,NC,unknown,48.3,2.4,8.75,1997
89,NC,unknown,47.2,1.9,8.75,1990
89,NC,unknown,48.9,1.5,9.75,1991
89,NC,unknown,50.4,1.4,10.75,1992
89,NC,unknown,52.2,2.2,11.75,1993
89,NC,unknown,54.9,3.2,12.75,1994
89,NC,unknown,57.7,2.3,13.75,1995
89,NC,unknown,60.6,3.6,14.75,1996
89,NC,unknown,63.1,1.4,15.75,1997
90,NC,female,38,1.7,5.75,1997
90,NC,female,39,0.4,6.75,1998
90,NC,female,39.7,0.9,7.75,1999
90,NC,female,40.6,1.1,8.75,2000
90,NC,female,42.3,2.3,9.75,2001
90,NC,female,44.2,1.5,10.75,2002
90,NC,female,45.9,1.8,11.75,2003
90,NC,female,47.1,0.6,12.75,2004
90,NC,female,47.7,0.6,13.75,2005
90,NC,female,49.3,2.5,14.75,2006
91,MD,unknown,34.4,2.2,4.75,1990
91,MD,unknown,36.8,2.7,5.75,1991
91,MD,unknown,39.7,3.2,6.75,1992
91,MD,unknown,43.1,3.6,7.75,1993
91,MD,unknown,46.9,3.9,8.75,1994
91,MD,unknown,50,2.4,9.75,1995
91,MD,unknown,55.3,8.2,10.75,1996
92,NC,unknown,37.1,1.8,6.75,1992
92,NC,unknown,39.3,2.5,7.75,1993
92,NC,unknown,41.6,2.1,8.75,1994
92,NC,unknown,43.7,2,9.75,1995
92,NC,unknown,46.3,3.2,10.75,1996
92,NC,unknown,49.6,3.4,11.75,1997
92,NC,unknown,53.8,4.9,12.75,1998
92,NC,unknown,58.7,5,13.75,1999
92,NC,unknown,63.2,4,14.75,2000
92,NC,unknown,65.7,0.9,15.75,2001
92,NC,unknown,66.8,1.4,16.75,2002
93,NC,male,30.9,1.6,3.75,1993
93,NC,male,33.8,4.2,4.75,1994
93,NC,male,36.4,1,5.75,1995
93,NC,male,38.9,4.1,6.75,1996
93,NC,male,41.8,1.6,7.75,1997
93,NC,male,44.1,3.2,8.75,1998
93,NC,male,47,2.7,9.75,1999
94,NC,unknown,30.9,0.9,4.75,1991
94,NC,unknown,31.9,1.1,5.75,1992
94,NC,unknown,33.6,2.5,6.75,1993
94,NC,unknown,37.1,4.4,7.75,1994
94,NC,unknown,41.4,4.3,8.75,1995
94,NC,unknown,46.6,6.2,9.75,1996
94,NC,unknown,51.4,3.5,10.75,1997
94,NC,unknown,54.4,2.5,11.75,1998
94,NC,unknown,56.9,2.4,12.75,1999
94,NC,unknown,58.4,0.7,13.75,2000
95,NC,unknown,33.3,2.7,4.75,1995
95,NC,unknown,35.6,1.8,5.75,1996
95,NC,unknown,37,1,6.75,1997
95,NC,unknown,38,0.9,7.75,1998
95,NC,unknown,40.8,4.8,8.75,1999
95,NC,unknown,45.8,5.1,9.75,2000
95,NC,unknown,51.9,7.1,10.75,2001
96,NC,unknown,58,4.9,11.75,2002
96,NC,unknown,32,0.5,4.75,1993
96,NC,unknown,33.1,1.7,5.75,1994
96,NC,unknown,35.4,2.9,6.75,1995
96,NC,unknown,37.8,1.8,7.75,1996
96,NC,unknown,40,2.6,8.75,1997
96,NC,unknown,41.5,0.3,9.75,1998
96,NC,unknown,44.1,5,10.75,1999
96,NC,unknown,49.7,6.1,11.75,2000
96,NC,unknown,53.5,1.4,12.75,2001
96,NC,unknown,54.7,1.1,13.75,2002
97,NC,male,32.3,4.5,3.75,1992
97,NC,male,35.8,2.6,4.75,1993
97,NC,male,38.8,3.4,5.75,1994
97,NC,male,41.4,1.9,6.75,1995
97,NC,male,43.3,1.9,7.75,1996
97,NC,male,44.9,1.1,8.75,1997
97,NC,male,45.7,0.4,9.75,1998
97,NC,male,48.3,4.9,10.75,1999
97,NC,male,52,2.4,11.75,2000
97,NC,male,54.7,3.2,12.75,2001
97,NC,male,57.5,2.3,13.75,2002
98,NC,unknown,39.2,1.4,5.75,1995
98,NC,unknown,40.7,1.4,6.75,1996
98,NC,unknown,42.1,1.5,7.75,1997
98,NC,unknown,43.4,1.2,8.75,1998
98,NC,unknown,44.2,0.4,9.75,1999
98,NC,unknown,45.1,1.4,10.75,2000
98,NC,unknown,48,4.4,11.75,2001
98,NC,unknown,51.5,2.6,12.75,2002
98,NC,unknown,56.4,7.3,13.75,2003
99,NC,female,60.2,2.3,10.75,2002
99,NC,female,61.7,0.8,11.75,2003
100,NC,unknown,34.2,2.2,4.75,1994
100,NC,unknown,36,1.5,5.75,1995
100,NC,unknown,37.6,1.6,6.75,1996
100,NC,unknown,39.5,2.2,7.75,1997
100,NC,unknown,40.8,0.5,8.75,1998
100,NC,unknown,42.5,2.8,9.75,1999
100,NC,unknown,46.3,4.9,10.75,2000
100,NC,unknown,50.7,3.9,11.75,2001
100,NC,unknown,54,2.6,12.75,2002
100,NC,unknown,55.7,0.9,13.75,2003
101,NC,unknown,32.6,1.6,5.75,1996
101,NC,unknown,34.2,1.6,6.75,1997
101,NC,unknown,37.9,5.7,7.75,1998
101,NC,unknown,45.6,9.8,8.75,1999
101,NC,unknown,51.9,3,9.75,2000
101,NC,unknown,54.1,1.4,10.75,2001
101,NC,unknown,55.8,1.8,11.75,2002
101,NC,unknown,58,2.6,12.75,2003
102,NC,unknown,37.2,2,5.75,1996
102,NC,unknown,39,1.4,6.75,1997
102,NC,unknown,41.7,4.1,7.75,1998
102,NC,unknown,45,2.4,8.75,1999
102,NC,unknown,49.1,5.8,9.75,2000
102,NC,unknown,55,6.1,10.75,2001
102,NC,unknown,59.7,3.2,11.75,2002
103,NC,unknown,31.6,3.6,4.75,1994
103,NC,unknown,34.2,1.5,5.75,1995
103,NC,unknown,35.8,1.8,6.75,1996
103,NC,unknown,38.1,2.8,7.75,1997
103,NC,unknown,39.7,0.4,8.75,1998
103,NC,unknown,41.2,2.7,9.75,1999
103,NC,unknown,44.1,3.2,10.75,2000
103,NC,unknown,47.8,4.1,11.75,2001
103,NC,unknown,50.5,1.5,12.75,2002
104,NC,unknown,29.3,4.2,4.75,1994
104,NC,unknown,33,3.2,5.75,1995
104,NC,unknown,35.8,2.3,6.75,1996
104,NC,unknown,39,4.1,7.75,1997
104,NC,unknown,42.4,2.6,8.75,1998
104,NC,unknown,44.5,1.6,9.75,1999
104,NC,unknown,47,3.5,10.75,2000
104,NC,unknown,50.5,3.4,11.75,2001
104,NC,unknown,52.8,1.3,12.75,2002
104,NC,unknown,53.8,0.6,13.75,2003
105,NC,unknown,23,3.4,2.75,1989
105,NC,unknown,27,4.5,3.75,1990
105,NC,unknown,31.1,3.8,4.75,1991
105,NC,unknown,34.4,2.8,5.75,1992
105,NC,unknown,37.8,3.9,6.75,1993
105,NC,unknown,42,4.6,7.75,1994
105,NC,unknown,48,7.4,8.75,1995
105,NC,unknown,53.2,3.1,9.75,1996
106,NC,unknown,42.1,1.3,6.75,1987
106,NC,unknown,43,0.4,7.75,1988
106,NC,unknown,43.4,0.4,8.75,1989
106,NC,unknown,44.6,2,9.75,1990
106,NC,unknown,48.2,5.2,10.75,1991
106,NC,unknown,53.3,5,11.75,1992
106,NC,unknown,56.4,1.2,12.75,1993
106,NC,unknown,57.1,0.4,13.75,1994
106,NC,unknown,58.8,2.9,14.75,1995
106,NC,unknown,61.5,2.6,15.75,1996
107,NC,male,33.9,1.6,4.75,1989
107,NC,male,36,2.5,5.75,1990
107,NC,male,39.1,3.8,6.75,1991
107,NC,male,42.7,3.2,7.75,1992
107,NC,male,46.7,4.9,8.75,1993
107,NC,male,51.1,3.9,9.75,1994
107,NC,male,55.1,4.1,10.75,1995
107,NC,male,59.7,5.1,11.75,1996
108,NC,unknown,32,3,3.75,1992
108,NC,unknown,35,3.1,4.75,1993
108,NC,unknown,40.7,8.3,5.75,1994
108,NC,unknown,46.3,2.8,6.75,1995
108,NC,unknown,48,0.5,7.75,1996
109,NC,unknown,30.9,1,4.75,1984
109,NC,unknown,32.6,2.4,5.75,1985
109,NC,unknown,35.5,3.3,6.75,1986
109,NC,unknown,38.5,2.8,7.75,1987
109,NC,unknown,41.2,2.5,8.75,1988
109,NC,unknown,43,1.1,9.75,1989
109,NC,unknown,44.7,2.3,10.75,1990
109,NC,unknown,46.9,2.2,11.75,1991
109,NC,unknown,49.4,2.7,12.75,1992
109,NC,unknown,51.7,1.8,13.75,1993
109,NC,unknown,53.3,1.4,14.75,1994
109,NC,unknown,54.9,1.8,15.75,1995
109,NC,unknown,56.6,1.7,16.75,1996
110,NC,male,35.8,1.5,5.75,1989
110,NC,male,37.5,1.9,6.75,1990
110,NC,male,40.4,3.9,7.75,1991
110,NC,male,44,3.3,8.75,1992
110,NC,male,47.2,3.2,9.75,1993
110,NC,male,50.5,3.4,10.75,1994
110,NC,male,53.3,2.2,11.75,1995
110,NC,male,55.4,2,12.75,1996
110,NC,male,57.1,1.2,13.75,1997
111,NC,unknown,25.3,1.8,5.75,1987
111,NC,unknown,26.8,1.3,6.75,1988
111,NC,unknown,28.2,1.5,7.75,1989
111,NC,unknown,29.8,1.8,8.75,1990
111,NC,unknown,32.4,3.3,9.75,1991
111,NC,unknown,35.3,2.6,10.75,1992
111,NC,unknown,37.5,1.7,11.75,1993
111,NC,unknown,39.4,1.9,12.75,1994
111,NC,unknown,41.1,1.5,13.75,1995
111,NC,unknown,43,2.3,14.75,1996
111,NC,unknown,46.2,4.1,15.75,1997
112,NC,female,30.6,4.1,4.75,1990
112,NC,female,33.8,2.3,5.75,1991
112,NC,female,36.5,3,6.75,1992
112,NC,female,39.8,3.7,7.75,1993
112,NC,female,43.1,2.8,8.75,1994
112,NC,female,46.1,3.2,9.75,1995
112,NC,female,49.2,3.1,10.75,1996
112,NC,female,51.8,2,11.75,1997
113,NC,male,26.7,2.4,3.75,1990
113,NC,male,29.8,3.8,4.75,1991
113,NC,male,33.4,3.3,5.75,1992
113,NC,male,36.2,2.3,6.75,1993
113,NC,male,40.8,7,7.75,1994
113,NC,male,45.6,2.6,8.75,1995
113,NC,male,49.9,5.9,9.75,1996
113,NC,male,54,2.3,10.75,1997
114,NC,unknown,36.1,1.9,5.75,1989
114,NC,unknown,38.6,3.2,6.75,1990
114,NC,unknown,41.9,3.4,7.75,1991
114,NC,unknown,46.1,5.1,8.75,1992
114,NC,unknown,50.1,2.9,9.75,1993
114,NC,unknown,54.1,5.1,10.75,1994
114,NC,unknown,58.8,4.3,11.75,1995
114,NC,unknown,61.7,1.6,12.75,1996
115,NC,female,32.9,1.1,4.75,1993
115,NC,female,35.8,4.7,5.75,1994
115,NC,female,39.8,3.4,6.75,1995
115,NC,female,43.4,3.7,7.75,1996
115,NC,female,46.2,2,8.75,1997
115,NC,female,51.2,7.9,9.75,1998
116,FL,female,29,4.5,3.75,1998
116,FL,female,32.5,2.4,4.75,1999
116,FL,female,34.8,2.3,5.75,2000
116,FL,female,36.4,0.9,6.75,2001
116,FL,female,37.8,1.9,7.75,2002
116,FL,female,39.2,0.8,8.75,2003
116,FL,female,40.4,1.7,9.75,2004
116,FL,female,41.8,1.1,10.75,2005
116,FL,female,42.6,0.6,11.75,2006
116,FL,female,43.2,0.5,12.75,2007
117,NC,unknown,29.7,2.1,3.75,1990
117,NC,unknown,31.8,2.1,4.75,1991
117,NC,unknown,33.4,1.3,5.75,1992
117,NC,unknown,34.6,1,6.75,1993
117,NC,unknown,36.1,2.2,7.75,1994
117,NC,unknown,37.9,1.4,8.75,1995
117,NC,unknown,41.2,5.2,9.75,1996
118,NC,female,24.1,1.4,2.75,1990
118,NC,female,27.2,4.7,3.75,1991
118,NC,female,31.6,4.2,4.75,1992
118,NC,female,35.3,3.1,5.75,1993
118,NC,female,39.7,5.8,6.75,1994
118,NC,female,44.5,3.8,7.75,1995
118,NC,female,48.8,4.7,8.75,1996
119,NC,unknown,31.7,0.9,5.75,1996
119,NC,unknown,33.2,2,6.75,1997
119,NC,unknown,35.5,2.7,7.75,1998
119,NC,unknown,38,2.2,8.75,1999
119,NC,unknown,40.2,2.4,9.75,2000
119,NC,unknown,43,3.2,10.75,2001
119,NC,unknown,46.2,3.3,11.75,2002
119,NC,unknown,49.6,3.3,12.75,2003
119,NC,unknown,54.6,6.9,13.75,2004
119,NC,unknown,60.3,4.4,14.75,2005
120,NC,female,51.7,4.1,8.75,1999
120,NC,female,57.1,6.8,9.75,2000
120,NC,female,61.6,2.1,10.75,2001
121,FL,unknown,45.1,4.1,8.75,2003
121,FL,unknown,47.5,0.6,9.75,2004
121,FL,unknown,47.8,0.1,10.75,2005
121,FL,unknown,49.2,2.6,11.75,2006
121,FL,unknown,52.3,3.6,12.75,2007
122,NC,female,49.4,2.8,9.75,1992
122,NC,female,52,2.4,10.75,1993
122,NC,female,54.9,3.5,11.75,1994
122,NC,female,58,2.6,12.75,1995
122,NC,female,61,3.4,13.75,1996
122,NC,female,64.5,3.6,14.75,1997
122,NC,female,68.6,4.7,15.75,1998
122,NC,female,75.7,0.1,16.75,2001
122,NC,female,76.6,1.7,17.75,2002
122,NC,female,78.5,2.1,18.75,2003
122,NC,female,80.1,0.9,19.75,2004
122,NC,female,81.9,2.7,20.75,2005
122,NC,female,84.7,2.9,21.75,2006
123,NC,female,72.3,1.2,19.75,2001
123,NC,female,74.6,3.5,20.75,2002
123,NC,female,78,3.2,21.75,2003
123,NC,female,81.1,2.9,22.75,2004
123,NC,female,83.6,2,23.75,2005
123,NC,female,85,0.8,24.75,2006
124,NC,male,38.8,2.1,5.75,1997
124,NC,male,40.5,1.1,6.75,1998
124,NC,male,41.6,1.1,7.75,1999
124,NC,male,43.1,1.8,8.75,2000
124,NC,male,45.4,2.9,9.75,2001
124,NC,male,47.7,1.6,10.75,2002
124,NC,male,49.6,2.2,11.75,2003
124,NC,male,51.2,0.9,12.75,2004
124,NC,male,52.1,0.9,13.75,2005
124,NC,male,53.2,1.4,14.75,2006
124,NC,male,57.7,7.7,15.75,2007
125,NC,unknown,41,1.5,6.75,2001
125,NC,unknown,43.1,2.8,7.75,2002
125,NC,unknown,46.3,3.7,8.75,2003
125,NC,unknown,49.8,3.2,9.75,2004
125,NC,unknown,53.2,3.6,10.75,2005
125,NC,unknown,56.3,2.6,11.75,2006
125,NC,unknown,58.3,1.5,12.75,2007
126,NC,unknown,37.2,1.1,5.75,1987
126,NC,unknown,38.6,1.6,6.75,1988
126,NC,unknown,40,1.2,7.75,1989
126,NC,unknown,40.9,0.7,8.75,1990
126,NC,unknown,41.6,0.5,9.75,1991
126,NC,unknown,42,0.4,10.75,1992
126,NC,unknown,42.6,0.8,11.75,1993
126,NC,unknown,43.4,0.8,12.75,1994
126,NC,unknown,44.4,1.2,13.75,1995
126,NC,unknown,46.2,2.5,14.75,1996
126,NC,unknown,49.2,3.5,15.75,1997
126,NC,unknown,51.6,1.5,16.75,1998
126,NC,unknown,53.5,2.3,17.75,1999
126,NC,unknown,55.1,0.8,18.75,2000
126,NC,unknown,56.6,2.3,19.75,2001
126,NC,unknown,59.1,2.7,20.75,2002
127,NC,unknown,40.8,3.1,5.75,1995
127,NC,unknown,43.6,2.6,6.75,1996
127,NC,unknown,45.5,1,7.75,1997
127,NC,unknown,47.3,2.6,8.75,1998
127,NC,unknown,49.7,2.3,9.75,1999
127,NC,unknown,53,4.3,10.75,2000
127,NC,unknown,58.1,6,11.75,2001
127,NC,unknown,61.3,0.3,12.75,2002
128,NC,unknown,32.2,2.2,4.75,1991
128,NC,unknown,35.6,4.7,5.75,1992
128,NC,unknown,41.3,6.8,6.75,1993
128,NC,unknown,46.1,2.7,7.75,1994
128,NC,unknown,49.3,3.9,8.75,1995
128,NC,unknown,53.2,3.8,9.75,1996
128,NC,unknown,56.4,2.5,10.75,1997
129,NC,unknown,30,1.4,4.75,1992
129,NC,unknown,31.2,1,5.75,1993
129,NC,unknown,33.1,2.7,6.75,1994
129,NC,unknown,36.1,3.4,7.75,1995
129,NC,unknown,38.8,2,8.75,1996
129,NC,unknown,39.9,0.3,9.75,1997
129,NC,unknown,43.4,6.5,10.75,1998
129,NC,unknown,48.5,3.8,11.75,1999
129,NC,unknown,51.2,1.4,12.75,2000
129,NC,unknown,55.2,6.6,13.75,2001
130,NC,female,70.9,3.5,17.75,1993
130,NC,female,74.1,2.8,18.75,1994
130,NC,female,76.6,2.2,19.75,1995
130,NC,female,79.1,2.8,20.75,1996
130,NC,female,81.5,2,21.75,1997
130,NC,female,83.1,1.3,22.75,1998
130,NC,female,84.2,0.9,23.75,1999
130,NC,female,84.7,0.2,24.75,2000
130,NC,female,85.2,0.7,25.75,2001
131,NC,unknown,29.8,2,3.75,1990
131,NC,unknown,31.4,1.3,4.75,1991
131,NC,unknown,33.1,2,5.75,1992
131,NC,unknown,36,3.8,6.75,1993
131,NC,unknown,39.4,2.9,7.75,1994
131,NC,unknown,41.5,1.4,8.75,1995
131,NC,unknown,43.1,1.8,9.75,1996
131,NC,unknown,47.1,6.1,10.75,1997
132,NC,female,31.4,2.8,4.75,1996
132,NC,female,34.4,3.3,5.75,1997
132,NC,female,38.5,4.7,6.75,1998
132,NC,female,43.6,5.6,7.75,1999
133,NC,unknown,24.5,3.4,2.75,1991
133,NC,unknown,27.2,1.9,3.75,1992
133,NC,unknown,29.9,3.4,4.75,1993
133,NC,unknown,35,6.8,5.75,1994
133,NC,unknown,39.7,2.6,6.75,1995
133,NC,unknown,42.6,3.4,7.75,1996
134,VA,unknown,36.6,0.3,5.75,1997
134,VA,unknown,38.4,3.3,6.75,1998
134,VA,unknown,42,4,7.75,1999
134,VA,unknown,46,4,8.75,2000
134,VA,unknown,50.5,5,9.75,2001
134,VA,unknown,55,3.9,10.75,2002
134,VA,unknown,57.2,0.7,11.75,2003
134,VA,unknown,57.7,0.2,12.75,2004
135,NC,unknown,26.7,2.3,3.75,1992
135,NC,unknown,29.7,3.9,4.75,1993
135,NC,unknown,33.3,3.3,5.75,1995
135,NC,unknown,36.6,3.2,6.75,1996
135,NC,unknown,39.5,2.6,7.75,1997
135,NC,unknown,41.4,1.2,8.75,1998
135,NC,unknown,42.3,0.7,9.75,1999
135,NC,unknown,44.3,3.1,10.75,2000
135,NC,unknown,48.4,5,11.75,2001
135,NC,unknown,52.3,2.9,12.75,2002
135,NC,unknown,54.4,1.3,13.75,2003
136,VA,unknown,28.9,1.5,3.75,1993
136,VA,unknown,31.8,4.2,4.75,1994
136,VA,unknown,35.2,2.8,5.75,1995
137,NC,unknown,33.8,2,3.75,1993
137,NC,unknown,36.2,2.8,4.75,1994
137,NC,unknown,39.9,4.7,5.75,1995
137,NC,unknown,45.7,6.8,6.75,1996
137,NC,unknown,51.2,4.2,7.75,1997
137,NC,unknown,55.7,4.9,8.75,1998
137,NC,unknown,59.3,2.3,9.75,1999
138,NC,unknown,34.4,4.5,4.75,1994
138,NC,unknown,38.1,2.9,5.75,1995
138,NC,unknown,40.8,2.4,6.75,1996
138,NC,unknown,43.8,3.6,7.75,1997
138,NC,unknown,46,0.8,8.75,1998
138,NC,unknown,48.8,4.6,9.75,1999
139,NC,female,45.6,2.1,7.75,2000
139,NC,female,48.7,4.1,8.75,2001
139,NC,female,52.2,3,9.75,2002
139,NC,female,55.4,3.3,10.75,2003
139,NC,female,58.3,2.6,11.75,2004
139,NC,female,60.5,1.8,12.75,2005
140,NC,unknown,50.4,2,8.75,1998
140,NC,unknown,53.9,5,9.75,1999
140,NC,unknown,58.6,4.4,10.75,2000
140,NC,unknown,61.6,1.7,11.75,2001
140,NC,unknown,63.4,2,12.75,2002
141,NC,unknown,27.3,2.4,3.75,1994
141,NC,unknown,29,1.1,4.75,1995
141,NC,unknown,31.1,3.1,5.75,1996
141,NC,unknown,34.8,4.3,6.75,1997
141,NC,unknown,40.6,7.2,7.75,1998
141,NC,unknown,45.7,3.1,8.75,1999
141,NC,unknown,47.7,0.8,9.75,2000
141,NC,unknown,50.1,4,10.75,2001
141,NC,unknown,52.8,1.4,11.75,2002
142,NC,unknown,43.2,2.8,5.75,1996
142,NC,unknown,46.6,4.2,6.75,1997
142,NC,unknown,49.6,1.8,7.75,1998
142,NC,unknown,52.4,3.7,8.75,1999
142,NC,unknown,56.6,4.7,9.75,2000
142,NC,unknown,60,2.2,10.75,2001
142,NC,unknown,61.7,1.1,11.75,2002
142,NC,unknown,62.3,0.1,12.75,2003
143,NC,unknown,29.5,1.3,3.75,1989
143,NC,unknown,32.1,4,4.75,1990
143,NC,unknown,35.6,3,5.75,1991
143,NC,unknown,37.9,1.6,6.75,1992
143,NC,unknown,39.2,0.9,7.75,1993
143,NC,unknown,40,0.8,8.75,1994
143,NC,unknown,40.8,0.7,9.75,1995
143,NC,unknown,41.6,0.9,10.75,1996
143,NC,unknown,42.6,1.1,11.75,1997
143,NC,unknown,44,1.8,12.75,1998
143,NC,unknown,47,4.2,13.75,1999
143,NC,unknown,50.3,2.3,14.75,2000
143,NC,unknown,52.2,1.5,15.75,2001
143,NC,unknown,53.2,0.6,16.75,2002
143,NC,unknown,54.3,1.7,17.75,2003
144,NC,unknown,38.4,2.5,5.75,1996
144,NC,unknown,40.9,2.5,6.75,1997
144,NC,unknown,42.6,0.8,7.75,1998
144,NC,unknown,44.1,2.2,8.75,1999
144,NC,unknown,46.1,1.8,9.75,2000
144,NC,unknown,50,6,10.75,2001
144,NC,unknown,56.2,6.3,11.75,2002
144,NC,unknown,60.3,1.8,12.75,2003
145,NC,unknown,36,1.2,5.75,1995
145,NC,unknown,37.7,2.1,6.75,1996
145,NC,unknown,39.9,2.3,7.75,1997
145,NC,unknown,42.8,3.4,8.75,1998
145,NC,unknown,46.3,3.6,9.75,1999
145,NC,unknown,50.4,4.7,10.75,2000
145,NC,unknown,54.6,3.7,11.75,2001
145,NC,unknown,59.8,6.7,12.75,2002
145,NC,unknown,63.9,1.3,13.75,2003
146,VA,unknown,20,2.8,1.75,1990
146,VA,unknown,22.2,1.5,2.75,1991
146,VA,unknown,24.5,3.1,3.75,1992
146,VA,unknown,27.7,3.1,4.75,1993
146,VA,unknown,31.5,4.6,5.75,1994
146,VA,unknown,36.9,6.2,6.75,1995
146,VA,unknown,41.9,3.7,7.75,1996
146,VA,unknown,44.4,1.2,8.75,1997
147,NC,unknown,42,1.1,9.75,1994
147,NC,unknown,43.1,1.3,10.75,1995
147,NC,unknown,44.3,1.1,11.75,1996
147,NC,unknown,45.3,0.8,12.75,1997
147,NC,unknown,46.6,1.9,13.75,1998
147,NC,unknown,48.7,2.3,14.75,1999
147,NC,unknown,64.1,1.7,15.75,2002
148,NC,female,36.6,2.1,5.75,1996
148,NC,female,38.6,1.9,6.75,1997
148,NC,female,39.7,0.3,7.75,1998
148,NC,female,40.5,1.3,8.75,1999
148,NC,female,41.6,0.9,9.75,2000
148,NC,female,43.2,2.2,10.75,2001
148,NC,female,45.7,2.7,11.75,2002
148,NC,female,49.1,4.1,12.75,2003
148,NC,female,53.9,5.5,13.75,2004
149,NC,male,75.4,1.2,24.75,2001
149,NC,male,76.8,1.6,25.75,2002
149,NC,male,79.2,3.1,26.75,2003
149,NC,male,81.5,1.6,27.75,2004
149,NC,male,82.9,1.2,28.75,2005
150,VA,female,28.1,3.6,3.75,1999
150,VA,female,31,2.1,4.75,2000
150,VA,female,33.9,3.9,5.75,2001
150,VA,female,36.7,1.7,6.75,2002
150,VA,female,39.2,3.2,7.75,2003
150,VA,female,42.3,3.1,8.75,2004
150,VA,female,45.1,2.5,9.75,2005
150,VA,female,47.5,2.3,10.75,2006
151,VA,female,46.4,0.2,10.75,1996
151,VA,female,46.6,0.2,11.75,1997
151,VA,female,47.4,1.3,12.75,1998
151,VA,female,60.5,4.2,13.75,2001
151,VA,female,63.9,2.6,14.75,2002
151,VA,female,66.5,2.5,15.75,2003
151,VA,female,71.1,6.8,16.75,2004
151,VA,female,76.7,4.4,17.75,2005
151,VA,female,80.2,2.5,18.75,2006
152,NC,unknown,25.7,4.7,1.75,1994
152,NC,unknown,30.2,4.4,2.75,1995
152,NC,unknown,36.1,7.3,3.75,1996
153,NC,unknown,34.7,4.6,5.75,1988
153,NC,unknown,39,3.9,6.75,1989
153,NC,unknown,43.3,4.8,7.75,1990
153,NC,unknown,46.6,1.8,8.75,1991
153,NC,unknown,48,1.2,9.75,1992
153,NC,unknown,49.3,1.3,10.75,1993
153,NC,unknown,50.1,0.4,11.75,1994
153,NC,unknown,50.5,0.5,12.75,1995
153,NC,unknown,50.9,0.2,13.75,1996
153,NC,unknown,51,0.1,14.75,1997
154,NC,female,77.9,1.1,20.75,2000
154,NC,female,78.9,0.9,21.75,2001
154,NC,female,80.3,1.8,22.75,2002
154,NC,female,81.3,0.2,23.75,2003
154,NC,female,81.7,0.5,24.75,2004
154,NC,female,82.1,0.3,25.75,2005
154,NC,female,82.3,0.1,26.75,2006
155,NC,unknown,26.5,2,2.75,2001
155,NC,unknown,28.1,1.3,3.75,2002
155,NC,unknown,31.2,4.9,4.75,2003
155,NC,unknown,34.8,2.3,5.75,2004
155,NC,unknown,37.3,2.6,6.75,2005
155,NC,unknown,40.7,4.2,7.75,2006
155,NC,unknown,43.7,1.8,8.75,2007
155,NC,unknown,46.5,3.8,9.75,2008
156,NC,unknown,33.9,2.1,3.75,1993
156,NC,unknown,35.6,1.3,4.75,1994
156,NC,unknown,38.2,3.9,5.75,1995
156,NC,unknown,41.6,3,6.75,1996
156,NC,unknown,45.6,4.9,7.75,1997
157,NC,unknown,32.9,3.8,3.75,1991
157,NC,unknown,36.9,4.1,4.75,1992
157,NC,unknown,40.9,4,5.75,1993
157,NC,unknown,45.1,4.2,6.75,1994
157,NC,unknown,49.3,4.3,7.75,1995
157,NC,unknown,53.7,4.5,8.75,1996
158,NC,male,39.2,1.2,5.75,1987
158,NC,male,40.1,0.6,6.75,1988
158,NC,male,41,1.2,7.75,1989
158,NC,male,42.7,2.3,8.75,1990
158,NC,male,45.4,3,9.75,1991
158,NC,male,47.9,2,10.75,1992
158,NC,male,49.8,1.8,11.75,1993
158,NC,male,53.3,5.3,12.75,1994
158,NC,male,57.3,2.6,13.75,1995
158,NC,male,58.8,0.5,14.75,1996
158,NC,male,59.2,0.4,15.75,1997
159,NC,female,40.5,5.6,6.75,2001
159,NC,female,46.2,5.7,7.75,2002
159,NC,female,50.9,3.7,8.75,2003
159,NC,female,54,2.5,9.75,2004
159,NC,female,56,1.5,10.75,2005
159,NC,female,58.5,3.6,11.75,2006
159,NC,female,61,1.3,12.75,2007
159,NC,female,61.9,0.7,13.75,2008
160,NC,unknown,39.8,1.8,6.75,1999
160,NC,unknown,43.1,4.9,7.75,2000
160,NC,unknown,48.1,5.1,8.75,2001
160,NC,unknown,53,4.8,9.75,2002
160,NC,unknown,58.6,6.2,10.75,2003
161,NC,female,38.2,3.2,5.75,1996
161,NC,female,41,2.4,6.75,1997
161,NC,female,42.4,0.4,7.75,1998
161,NC,female,44.4,3.5,8.75,1999
161,NC,female,47.3,2.2,9.75,2000
161,NC,female,50.9,5.1,10.75,2001
161,NC,female,55.2,3.5,11.75,2002
161,NC,female,59.2,4.5,12.75,2003
162,NC,female,35.6,3.1,3.75,1995
162,NC,female,38.2,2.2,4.75,1996
162,NC,female,40.5,2.3,5.75,1997
162,NC,female,42.4,1.6,6.75,1998
162,NC,female,44.9,3.5,7.75,1999
162,NC,female,48.3,3.3,8.75,2000
162,NC,female,51.5,3.1,9.75,2001
162,NC,female,55.1,4.2,10.75,2002
162,NC,female,58.3,2.3,11.75,2003
163,NC,female,35.9,4.5,4.75,1991
163,NC,female,40.3,4.4,5.75,1992
163,NC,female,44.7,4.4,6.75,1993
163,NC,female,50.9,8.1,7.75,1994
163,NC,female,56.8,3.7,8.75,1995
163,NC,female,59.9,2.4,9.75,1996
164,NC,unknown,37,2.6,4.75,1991
164,NC,unknown,39.5,2.4,5.75,1992
164,NC,unknown,42.6,3.8,6.75,1993
164,NC,unknown,47.6,6.1,7.75,1994
164,NC,unknown,53.4,5.6,8.75,1995
164,NC,unknown,57.4,2.4,9.75,1996
165,NC,female,36.1,1,5.75,1989
165,NC,female,37.9,2.5,6.75,1990
165,NC,female,40.3,2.3,7.75,1991
165,NC,female,43.4,3.9,8.75,1992
165,NC,female,48.4,6.1,9.75,1993
165,NC,female,54.2,5.5,10.75,1994
165,NC,female,57.2,0.5,11.75,1995
165,NC,female,58.4,2,12.75,1996
166,NC,unknown,29.8,1.7,3.75,1987
166,NC,unknown,31.9,2.6,4.75,1988
166,NC,unknown,34,1.5,5.75,1989
166,NC,unknown,35.5,1.4,6.75,1990
166,NC,unknown,37.5,2.8,7.75,1991
166,NC,unknown,40.4,2.8,8.75,1992
166,NC,unknown,42.4,1.2,9.75,1993
166,NC,unknown,44,1.9,10.75,1994
166,NC,unknown,47.5,5.2,11.75,1995
166,NC,unknown,54.5,8.7,12.75,1996
167,NC,unknown,47.4,1.3,6.75,2002
167,NC,unknown,48.4,0.7,7.75,2003
167,NC,unknown,49,0.4,8.75,2004
167,NC,unknown,50.5,2.6,9.75,2005
167,NC,unknown,52.7,1.7,10.75,2006
167,NC,unknown,55,2.9,11.75,2007
167,NC,unknown,58,3.1,12.75,2008
168,NC,unknown,32.3,2.5,4.75,1987
168,NC,unknown,35.1,3,5.75,1988
168,NC,unknown,37.4,1.5,6.75,1989
168,NC,unknown,39.1,1.8,7.75,1990
168,NC,unknown,42.1,4.2,8.75,1991
168,NC,unknown,45.6,2.8,9.75,1992
168,NC,unknown,48.4,2.8,10.75,1993
168,NC,unknown,51.2,3,11.75,1994
168,NC,unknown,54.3,3.1,12.75,1995
168,NC,unknown,57.3,3,13.75,1996
169,NC,unknown,21.8,1.5,2.75,1988
169,NC,unknown,23.3,1.5,3.75,1989
169,NC,unknown,24.4,0.9,4.75,1990
169,NC,unknown,26.4,3,5.75,1991
169,NC,unknown,29.3,2.8,6.75,1992
169,NC,unknown,31.6,2,7.75,1993
169,NC,unknown,34.8,4.3,8.75,1994
169,NC,unknown,38.4,3,9.75,1995
169,NC,unknown,42.3,4.7,10.75,1996
170,NC,unknown,26.6,3,2.75,1993
170,NC,unknown,29.5,2.7,3.75,1994
170,NC,unknown,32.6,3.6,4.75,1995
170,NC,unknown,37.3,5.7,5.75,1996
170,NC,unknown,42.2,4.1,6.75,1997
170,NC,unknown,46.8,5,7.75,1998
171,NC,male,36.3,2.9,4.75,1995
171,NC,male,39.6,3.7,5.75,1996
171,NC,male,42,1.2,6.75,1997
171,NC,male,43,0.8,7.75,1998
171,NC,male,44,1.1,8.75,1999
171,NC,male,45.8,2.5,9.75,2000
171,NC,male,48.3,2.5,10.75,2001
171,NC,male,50.2,1.4,11.75,2002
171,NC,male,51.4,0.9,12.75,2003
171,NC,male,52.4,1.1,13.75,2004
171,NC,male,54.6,3.3,14.75,2005
171,NC,male,57.6,2.7,15.75,2006
172,NC,unknown,38.1,4.5,4.75,1997
172,NC,unknown,43.2,5.8,5.75,1998
172,NC,unknown,47.9,3.6,6.75,1999
173,NJ,unknown,38.2,2.7,5.75,1995
173,NJ,unknown,40.7,2.3,6.75,1996
173,NJ,unknown,43.1,2.5,7.75,1997
173,NJ,unknown,44.8,0.9,8.75,1998
173,NJ,unknown,45.5,0.5,9.75,1999
173,NJ,unknown,46.1,0.7,10.75,2000
173,NJ,unknown,48.5,4.2,11.75,2001
173,NJ,unknown,51.9,2.6,12.75,2002
173,NJ,unknown,54.4,2.2,13.75,2003
173,NJ,unknown,56.7,2.4,14.75,2004
174,FL,unknown,38.8,1.8,5.75,1993
174,FL,unknown,41.4,3.5,6.75,1994
174,FL,unknown,44.2,2.1,7.75,1995
174,FL,unknown,46.5,2.3,8.75,1996
174,FL,unknown,49.5,3.8,9.75,1997
175,VA,female,30.1,2.8,3.75,1996
175,VA,female,32.8,2.5,4.75,1997
175,VA,female,36.6,5.3,5.75,1998
175,VA,female,42.6,6.7,6.75,1999
175,VA,female,48.1,4.3,7.75,2000
176,VA,unknown,23.6,3.2,1.75,1994
176,VA,unknown,27,3.7,2.75,1995
176,VA,unknown,29.5,1.3,3.75,1996
176,VA,unknown,32.7,5,4.75,1997
176,VA,unknown,35.9,1.5,5.75,1998
176,VA,unknown,40.3,7.3,6.75,1999
177,NC,unknown,29.5,2.7,3.75,1991
177,NC,unknown,32.7,3.6,4.75,1992
177,NC,unknown,36.1,3.1,5.75,1993
177,NC,unknown,39.4,3.4,6.75,1994
177,NC,unknown,43,3.8,7.75,1995
177,NC,unknown,50.7,11.7,8.75,1996
178,NC,unknown,34.6,1,4.75,1988
178,NC,unknown,35.5,0.9,5.75,1989
178,NC,unknown,36.9,2,6.75,1990
178,NC,unknown,39.2,2.6,7.75,1991
178,NC,unknown,41.8,2.6,8.75,1992
178,NC,unknown,43.9,1.6,9.75,1993
178,NC,unknown,46.4,3.3,10.75,1994
178,NC,unknown,49.1,2.1,11.75,1995
178,NC,unknown,52.5,4.7,12.75,1996
179,NC,male,25.5,4.1,2.75,1993
179,NC,male,29.9,4.7,3.75,1994
179,NC,male,35.9,7.3,4.75,1995
179,NC,male,42.4,5.6,5.75,1996
180,NC,unknown,31.8,1.4,5.75,1992
180,NC,unknown,34,3.1,6.75,1993
180,NC,unknown,37.1,3.1,7.75,1994
180,NC,unknown,40.8,4.2,8.75,1995
180,NC,unknown,44.6,3.5,9.75,1996
181,NC,female,35,2.3,5.75,1993
181,NC,female,38.1,3.8,6.75,1994
181,NC,female,42.9,5.7,7.75,1995
181,NC,female,46.6,1.8,8.75,1996
182,NC,female,34.2,2.4,5.75,1989
182,NC,female,36.6,2.4,6.75,1990
182,NC,female,39.2,2.7,7.75,1991
182,NC,female,41.9,2.8,8.75,1992
182,NC,female,45.4,4,9.75,1993
182,NC,female,49.2,3.6,10.75,1994
182,NC,female,52.4,2.7,11.75,1995
182,NC,female,56.4,5.4,12.75,1996
183,NC,female,31.5,1.4,4.75,1988
183,NC,female,32.9,1.4,5.75,1989
183,NC,female,34.8,2.3,6.75,1990
183,NC,female,37.6,3.3,7.75,1991
183,NC,female,40.3,2,8.75,1992
183,NC,female,42.6,2.7,9.75,1993
183,NC,female,46.1,4.3,10.75,1994
183,NC,female,49.3,2,11.75,1995
183,NC,female,50.4,0.3,12.75,1996
183,NC,female,51.3,1.6,13.75,1997
184,NC,female,40.5,1.3,6.75,1988
184,NC,female,42.3,2.3,7.75,1990
184,NC,female,44.8,2.6,9.75,1991
184,NC,female,47.4,2.7,10.75,1992
184,NC,female,49.8,2.1,11.75,1993
184,NC,female,53,4.3,12.75,1994
184,NC,female,58.7,7.2,13.75,1995
184,NC,female,65.2,5.9,14.75,1996
184,NC,female,70.4,4.6,15.75,1997
185,NC,female,27.4,3.5,3.75,1988
185,NC,female,29.9,1.5,4.75,1989
185,NC,female,32.1,2.9,5.75,1990
185,NC,female,34.4,1.7,6.75,1991
185,NC,female,36.5,2.4,7.75,1992
185,NC,female,39.3,3.2,8.75,1993
185,NC,female,42.4,2.9,9.75,1994
185,NC,female,45.5,3.3,10.75,1995
185,NC,female,49,3.7,11.75,1996
185,NC,female,52.9,4.2,12.75,1997
186,NC,unknown,39,0.8,5.75,1990
186,NC,unknown,40.1,1.3,6.75,1991
186,NC,unknown,41.4,1.4,7.75,1992
186,NC,unknown,42.4,0.8,8.75,1993
186,NC,unknown,43.9,2.2,9.75,1994
186,NC,unknown,48.4,6.9,10.75,1995
186,NC,unknown,53.9,4.1,11.75,1996
186,NC,unknown,56.5,1.1,12.75,1997
187,NC,female,29.4,1.2,4.75,1989
187,NC,female,30.6,1.3,5.75,1990
187,NC,female,33.5,4.4,6.75,1991
187,NC,female,37.9,4.4,7.75,1992
187,NC,female,41.2,2.2,8.75,1993
187,NC,female,45.5,6.5,9.75,1994
187,NC,female,51.4,5.1,10.75,1995
187,NC,female,54.5,1.1,11.75,1996
187,NC,female,56.3,2.6,12.75,1997
188,NC,unknown,28.3,2.6,4.75,1996
188,NC,unknown,32,4.7,5.75,1997
188,NC,unknown,36.9,5.1,6.75,1998
189,NC,unknown,37,2,5.75,1994
189,NC,unknown,39.1,2.3,6.75,1995
189,NC,unknown,41,1.4,7.75,1996
189,NC,unknown,42.9,2.4,8.75,1997
189,NC,unknown,46.4,4.5,9.75,1998
190,NC,male,29.4,2.5,3.75,1998
190,NC,male,32,2.6,4.75,1999
190,NC,male,36.1,5.6,5.75,2000
190,NC,male,42.7,7.6,6.75,2001
190,NC,male,48.6,4.2,7.75,2002
190,NC,male,54.6,7.8,8.75,2003
191,NC,female,28,1.5,3.75,1988
191,NC,female,30.4,3.2,4.75,1989
191,NC,female,34.5,4.9,5.75,1990
191,NC,female,38.8,3.6,6.75,1991
191,NC,female,42.6,4.1,7.75,1992
191,NC,female,47.5,5.6,8.75,1993
191,NC,female,53.3,6.2,9.75,1994
191,NC,female,56.7,0.6,10.75,1995
192,NC,female,26.4,4.2,2.75,1989
192,NC,female,30.2,3.2,3.75,1990
192,NC,female,33.5,3.4,4.75,1991
192,NC,female,36.4,2.6,5.75,1992
192,NC,female,39.4,3.4,6.75,1993
192,NC,female,44.7,7.1,7.75,1994
192,NC,female,51.8,7,8.75,1995
193,NC,female,76.9,0.2,21.75,1989
193,NC,female,77,0,22.75,1990
193,NC,female,77,0,23.75,1991
193,NC,female,77.1,0.1,24.75,1992
193,NC,female,77.9,1.5,25.75,1993
193,NC,female,79.5,1.8,26.75,1994
193,NC,female,81,1.1,27.75,1995
193,NC,female,82,1,28.75,1996
193,NC,female,82.6,0.3,29.75,1997
193,NC,female,82.9,0.2,30.75,1998
193,NC,female,83,0.1,31.75,1999
193,NC,female,83.2,0.2,32.75,2000
193,NC,female,83.3,0.1,33.75,2001
193,NC,female,83.4,0.1,34.75,2002
193,NC,female,83.5,0.1,35.75,2003
193,NC,female,83.6,0.1,36.75,2004
194,NC,unknown,33.6,2.5,4.75,1991
194,NC,unknown,37.2,4.6,5.75,1992
194,NC,unknown,40.7,2.4,6.75,1993
194,NC,unknown,43.2,2.6,7.75,1994
194,NC,unknown,45.7,2.3,8.75,1995
194,NC,unknown,47.4,1.1,9.75,1996
194,NC,unknown,48.4,0.8,10.75,1997
194,NC,unknown,49.9,2.4,11.75,1998
194,NC,unknown,51.5,0.8,12.75,1999
194,NC,unknown,52.9,2,13.75,2000
194,NC,unknown,54.8,1.9,14.75,2001
194,NC,unknown,56.8,2,15.75,2002
195,NC,unknown,35.7,1.2,5.75,1998
195,NC,unknown,36.7,0.9,6.75,1999
195,NC,unknown,37.7,1.1,7.75,2000
195,NC,unknown,39.7,2.8,8.75,2001
195,NC,unknown,43,3.8,9.75,2002
195,NC,unknown,47.8,5.8,10.75,2003
195,NC,unknown,52.4,3.4,11.75,2004
195,NC,unknown,54.6,1,12.75,2005
196,NC,unknown,41,1.4,8.75,1998
196,NC,unknown,50.6,4.5,9.75,2001
196,NC,unknown,55.4,5.1,10.75,2002
196,NC,unknown,59.7,3.6,11.75,2003
196,NC,unknown,62.3,1.5,12.75,2004
196,NC,unknown,63.8,1.6,13.75,2005
196,NC,unknown,64.7,0.2,14.75,2006
197,NC,unknown,33.5,1.7,4.75,1987
197,NC,unknown,35.2,1.8,5.75,1988
197,NC,unknown,37.2,2.1,6.75,1989
197,NC,unknown,40.5,4.4,7.75,1990
197,NC,unknown,44.1,2.9,8.75,1991
197,NC,unknown,46,0.7,9.75,1992
197,NC,unknown,47.1,1.5,10.75,1993
197,NC,unknown,48,0.3,11.75,1994
197,NC,unknown,48.9,1.4,12.75,1995
197,NC,unknown,52,4.8,13.75,1996
197,NC,unknown,54.6,0.3,14.75,1997
198,NC,female,28.9,4.6,3.75,1992
198,NC,female,34,5.7,4.75,1993
198,NC,female,40,6.3,5.75,1994
198,NC,female,45.5,4.7,6.75,1995
198,NC,female,50.2,4.6,7.75,1996
199,VA,female,33.8,1.1,3.75,1998
199,VA,female,35.1,1.5,4.75,1999
199,VA,female,37.4,3,5.75,2000
199,VA,female,40.5,3.2,6.75,2001
199,VA,female,46.3,8.6,7.775,2002
200,VA,female,22.5,2.8,1.75,1990
200,VA,female,26,4.2,2.75,1991
200,VA,female,30.1,4,3.75,1992
200,VA,female,33.9,3.7,4.75,1993
200,VA,female,38.3,5.1,5.75,1994
200,VA,female,44.5,7.3,6.75,1995
201,NC,unknown,42.7,3.6,7.75,2002
201,NC,unknown,50.2,11.4,8.75,2003
201,NC,unknown,57.7,3.4,9.75,2004
201,NC,unknown,59.6,0.4,10.75,2005
201,NC,unknown,60.1,0.7,11.75,2006
201,NC,unknown,61.7,2.5,12.75,2007
202,GA,unknown,34.9,1.2,4.75,2001
202,GA,unknown,37.5,4,5.75,2002
202,GA,unknown,41.1,3.1,6.75,2003
202,GA,unknown,45.4,5.4,7.75,2004
202,GA,unknown,48.9,1.8,8.75,2005
202,GA,unknown,50.5,1.3,9.75,2006
202,GA,unknown,52.1,2.1,10.75,2007
202,GA,unknown,53.4,0.4,11.75,2008
202,GA,unknown,53.7,0.3,12.75,2009
203,VA,female,40.1,7.4,5.75,1993
203,VA,female,45.6,3.6,6.75,1994
203,VA,female,49,3.2,7.75,1995
203,VA,female,52.8,4.3,8.75,1996
203,VA,female,55.7,1.4,9.75,1997
203,VA,female,56.9,0.9,10.75,1998
203,VA,female,57.6,0.5,11.75,1999
203,VA,female,57.9,0.1,12.75,2000
203,VA,female,58,0.2,13.75,2001
203,VA,female,59,1.7,14.75,2002
203,VA,female,60,0.4,15.75,2003
204,NC,unknown,54.7,4,8.75,2000
204,NC,unknown,57.9,2.2,9.75,2001
204,NC,unknown,59.9,1.9,10.75,2002
204,NC,unknown,61.3,1,11.75,2003
205,NC,unknown,25.6,0.7,2.75,1992
205,NC,unknown,26.7,1.4,3.75,1993
205,NC,unknown,30.3,5.8,4.75,1994
205,NC,unknown,35.1,3.8,5.75,1995
205,NC,unknown,39.1,4.2,6.75,1996
205,NC,unknown,42.1,1.9,7.75,1997
206,MD,unknown,32,3.8,3.75,1993
206,MD,unknown,36,4.2,4.75,1994
206,MD,unknown,38.9,1.7,5.75,1995
206,MD,unknown,41.4,3.3,6.75,1996
206,MD,unknown,43.3,0.4,7.75,1997
206,MD,unknown,46,5.1,8.75,1998
206,MD,unknown,54,11,9.75,1999
207,MD,unknown,43.5,1.9,6.75,1991
207,MD,unknown,45.1,1.3,7.75,1992
207,MD,unknown,46.7,1.9,8.75,1993
207,MD,unknown,49.2,3,9.75,1994
207,MD,unknown,52.4,3.3,10.75,1995
207,MD,unknown,55,1.9,11.75,1996
207,MD,unknown,57.7,3.6,12.75,1997
208,MD,female,44.2,1,6.75,1990
208,MD,female,46.3,3.2,7.75,1991
208,MD,female,49.9,4,8.75,1992
208,MD,female,54.2,4.5,9.75,1993
208,MD,female,58.1,3.4,10.75,1994
208,MD,female,61.8,3.9,11.75,1995
208,MD,female,65.3,3.2,12.75,1996
208,MD,female,68.4,3,13.75,1997
209,MD,male,37.2,1.5,5.75,1989
209,MD,male,39.3,2.9,6.75,1990
209,MD,male,42,2.6,7.75,1991
209,MD,male,45.7,4.8,8.75,1992
209,MD,male,51,5.7,9.75,1993
209,MD,male,55.6,3.4,10.75,1994
209,MD,male,59.1,3.6,11.75,1995
209,MD,male,61.7,1.7,12.75,1996
209,MD,male,63.1,1.1,13.75,1997
209,MD,male,64.9,2.5,14.75,1998
210,NC,unknown,34.2,3.4,4.75,1994
210,NC,unknown,38.6,5.5,5.75,1995
210,NC,unknown,43.5,4.3,6.75,1996
210,NC,unknown,47.8,4.3,7.75,1997
210,NC,unknown,51.1,2.3,8.75,1998
211,VA,female,30.8,2.4,3.75,2002
211,VA,female,32.5,1.1,4.75,2003
211,VA,female,34.1,2.1,5.75,2004
211,VA,female,36,1.7,6.75,2005
211,VA,female,37.4,1,7.75,2006
211,VA,female,38.9,2,8.75,2007
211,VA,female,41.5,3.2,9.75,2008
211,VA,female,44.5,2.8,10.75,2009
212,NC,female,42.8,1.4,6.75,1995
212,NC,female,44.5,1.9,7.75,1996
212,NC,female,45.5,0.2,8.75,1997
212,NC,female,46.3,1.3,9.75,1998
212,NC,female,49.8,5.7,10.75,1999
213,FL,female,26.4,3.5,3.75,2004
213,FL,female,29.8,3.2,4.75,2005
213,FL,female,34.3,5.8,5.75,2006
213,FL,female,39.5,4.5,6.75,2007
213,FL,female,45.3,7,7.75,2008
214,NC,female,29.6,1.7,2.75,1991
214,NC,female,30.8,0.7,3.75,1992
214,NC,female,31.9,1.6,4.75,1993
214,NC,female,33.6,1.8,5.75,1994
214,NC,female,36.2,3.3,6.75,1995
214,NC,female,39.4,3,7.75,1996
215,NC,unknown,39.3,2.8,5.75,1994
215,NC,unknown,41.8,2.2,6.75,1995
215,NC,unknown,44.3,2.9,7.75,1996
215,NC,unknown,47.3,3,8.75,1997
215,NC,unknown,49.4,1.4,9.75,1998
215,NC,unknown,50.9,1.6,10.75,1999
215,NC,unknown,53.3,3,11.75,2000
215,NC,unknown,56.4,3.3,12.75,2001
215,NC,unknown,60.1,4,13.75,2002
215,NC,unknown,62.8,1.4,14.75,2003
215,NC,unknown,63.6,0.1,15.75,2004
216,NC,female,36.1,1.1,4.75,1996
216,NC,female,37.4,1.5,5.75,1997
216,NC,female,39.6,2.9,6.75,1998
216,NC,female,41.7,1.2,7.75,1999
216,NC,female,44.3,4.1,8.75,2000
216,NC,female,49.3,6,9.75,2001
216,NC,female,55.8,6.9,10.75,2002
216,NC,female,61.4,4.2,11.75,2003
217,NC,female,32,1.5,4.75,1994
217,NC,female,34.9,4.2,5.75,1995
217,NC,female,38.3,2.6,6.75,1996
217,NC,female,40.3,1.3,7.75,1997
217,NC,female,41.5,1,8.75,1998
217,NC,female,43,2,9.75,1999
217,NC,female,45.5,3,10.75,2000
217,NC,female,48.7,3.5,11.75,2001
217,NC,female,52.7,4.5,12.75,2002
217,NC,female,55.3,0.6,13.75,2003
218,NC,female,34.2,3,5.75,1997
218,NC,female,37.8,4.2,6.75,1998
218,NC,female,41.7,3.5,7.75,1999
218,NC,female,45.6,4.2,8.75,2000
218,NC,female,50,4.6,9.75,2001
218,NC,female,54.8,5.2,10.75,2002
218,NC,female,60.1,5.3,11.75,2003
219,NC,female,33.1,0.9,4.75,1994
219,NC,female,34.4,1.7,5.75,1995
219,NC,female,38,5.4,6.75,1996
219,NC,female,42.1,2.8,7.75,1997
219,NC,female,46.3,5.6,8.75,1998
219,NC,female,51.1,3.9,9.75,1999
219,NC,female,53.4,0.7,10.75,2000
219,NC,female,55.3,2.9,11.75,2001
219,NC,female,57.9,2.3,12.75,2002
220,FL,male,69.7,0.2,17.75,1991
220,FL,male,69.9,0.2,18.75,1992
220,FL,male,71.4,3,19.75,1993
220,FL,male,73.4,1,20.75,1994
220,FL,male,74.5,1.3,21.75,1995
220,FL,male,75.7,1.1,22.75,1996
220,FL,male,77.6,2.7,23.75,1997
220,FL,male,79.7,1.6,24.75,1998
220,FL,male,82.2,3.3,25.75,1999
221,FL,female,29.2,2.3,3.75,1990
221,FL,female,31.5,2.3,4.75,1991
221,FL,female,34.4,3.6,5.75,1992
221,FL,female,38.4,4.3,6.75,1993
221,FL,female,43.7,6.5,7.75,1994
221,FL,female,48.6,3.2,8.75,1995
221,FL,female,52.1,3.7,9.75,1996
221,FL,female,54.7,1.6,10.75,1997
222,FL,female,39.8,1.3,5.75,1987
222,FL,female,40.7,0.4,6.75,1988
222,FL,female,41.4,1.2,7.75,1989
222,FL,female,42.9,1.8,8.75,1990
222,FL,female,45.2,2.6,9.75,1991
222,FL,female,49.5,6,10.75,1992
222,FL,female,53.8,2.6,11.75,1993
222,FL,female,57.5,4.7,12.75,1994
222,FL,female,60.3,1,13.75,1995
222,FL,female,61.5,1.4,14.75,1996
222,FL,female,62.9,1.5,15.75,1997
223,FL,male,25.3,2.7,2.75,1990
223,FL,male,27.4,1.4,3.75,1991
223,FL,male,29,1.7,4.75,1992
223,FL,male,31.1,2.6,5.75,1993
223,FL,male,34.6,4.2,6.75,1994
223,FL,male,38.2,3,7.75,1995
223,FL,male,41,2.5,8.75,1996
223,FL,male,43.6,2.8,9.75,1997
224,VA,female,34.3,2.3,4.75,1996
224,VA,female,37.4,3.8,5.75,1997
224,VA,female,40.8,3,6.75,1998
224,VA,female,45.1,5.8,7.75,1999
224,VA,female,49.1,2.2,8.75,2000
225,NC,female,36.2,1.6,5.75,1992
225,NC,female,39.8,5.5,6.75,1993
225,NC,female,44.3,3.5,7.75,1994
225,NC,female,47.5,2.9,8.75,1995
225,NC,female,49.4,1,9.75,1996
225,NC,female,50.6,1.4,10.75,1997
225,NC,female,51.7,0.8,11.75,1998
225,NC,female,53.6,2.9,12.75,1999
225,NC,female,56.7,3.2,13.75,2000
225,NC,female,58.4,0.2,14.75,2001
226,NC,male,54.5,3.5,8.75,1998
226,NC,male,58.7,4.9,9.75,1999
226,NC,male,61.6,0.8,10.75,2000
226,NC,male,62.2,0.5,11.75,2001
226,NC,male,62.8,0.6,12.75,2002
226,NC,male,63.3,0.3,13.75,2003
227,NC,female,35.4,1.8,4.75,1994
227,NC,female,37,1.3,5.75,1995
227,NC,female,38.3,1.4,6.75,1996
227,NC,female,40.1,2.2,7.75,1997
227,NC,female,42,1.6,8.75,1998
227,NC,female,44.6,3.4,9.75,1999
227,NC,female,47.5,2.6,10.75,2000
227,NC,female,50.8,4,11.75,2001
227,NC,female,55.7,5.8,12.75,2002
227,NC,female,60.3,3.4,13.75,2003
228,NC,unknown,37.5,1.6,5.75,1994
228,NC,unknown,38.6,0.8,6.75,1995
228,NC,unknown,39.4,0.7,7.75,1996
228,NC,unknown,40.8,2.1,8.75,1997
228,NC,unknown,42.5,1.3,9.75,1998
228,NC,unknown,43.9,1.6,10.75,1999
228,NC,unknown,46.8,4.2,11.75,2000
228,NC,unknown,51.1,4.4,12.75,2001
228,NC,unknown,54.7,2.8,13.75,2002
228,NC,unknown,56.4,0.5,14.75,2003
229,NC,unknown,35.1,5.5,5.75,1992
229,NC,unknown,39.6,3.6,6.75,1993
229,NC,unknown,42.9,3,7.75,1994
229,NC,unknown,46.4,4,8.75,1995
229,NC,unknown,49.5,2.3,9.75,1996
229,NC,unknown,51.5,1.6,10.75,1997
229,NC,unknown,54.7,4.7,11.75,1998
229,NC,unknown,57.6,1.2,12.75,1999
229,NC,unknown,58.5,0.5,13.75,2000
229,NC,unknown,59.6,1.7,14.75,2001
229,NC,unknown,61,1.2,15.75,2002
229,NC,unknown,61.8,0.4,16.75,2003
230,NC,male,64.3,1.6,16.75,1998
230,NC,male,66.8,3.4,17.75,1999
230,NC,male,70.3,3.7,18.75,2000
230,NC,male,74.2,4.2,19.75,2001
230,NC,male,77.8,3,20.75,2002
230,NC,male,80.2,1.6,21.75,2003
230,NC,male,82.3,2.6,22.75,2004
230,NC,male,84.8,2.4,23.75,2005
231,NC,unknown,33.1,4.5,4.75,1999
231,NC,unknown,37.1,3.5,5.75,2000
231,NC,unknown,40.9,4.1,6.75,2001
231,NC,unknown,43.8,1.6,7.75,2002
231,NC,unknown,45.7,2.2,8.75,2003
231,NC,unknown,47.6,1.5,9.75,2004
231,NC,unknown,48.4,0.1,10.75,2005
232,NC,unknown,46.3,4.2,6.75,1995
232,NC,unknown,50.7,4.6,7.75,1996
232,NC,unknown,55.9,5.8,8.75,1997
232,NC,unknown,60.1,2.6,9.75,1998
233,VA,female,27.8,3.5,3.75,1995
233,VA,female,30.9,2.8,4.75,1996
233,VA,female,34.4,4.3,5.75,1997
233,VA,female,37.1,1.1,6.75,1998
233,VA,female,38.2,1.1,7.75,1999
233,VA,female,39.2,1,8.75,2000
233,VA,female,40.7,2.1,9.75,2001
233,VA,female,42.5,1.5,10.75,2002
233,VA,female,43.4,0.3,11.75,2003
233,VA,female,44,1,12.75,2004
233,VA,female,45.7,2.5,13.75,2005
233,VA,female,48,1.9,14.75,2006